positive_class,true_negatives,false_positives,false_negatives,true_positives,example_count,accuracy_score,recall_score,precision_score,f1_score
0,206,4,9,1,220,0.9409090909090909,0.1,0.2,0.13333333333333333
1,206,0,13,1,220,0.9409090909090909,0.07142857142857142,1.0,0.13333333333333333
2,116,9,7,88,220,0.9272727272727272,0.9263157894736842,0.9072164948453608,0.9166666666666666
3,215,0,5,0,220,0.9772727272727273,0.0,0.0,0.0
4,96,28,7,89,220,0.8409090909090909,0.9270833333333334,0.7606837606837606,0.8356807511737089
