positive_class,true_negatives,false_positives,false_negatives,true_positives,example_count,accuracy_score,recall_score,precision_score,f1_score
0,205,5,9,1,220,0.9363636363636364,0.1,0.16666666666666666,0.125
1,206,0,13,1,220,0.9409090909090909,0.07142857142857142,1.0,0.13333333333333333
2,118,7,7,88,220,0.9363636363636364,0.9263157894736842,0.9263157894736842,0.9263157894736842
3,215,0,5,0,220,0.9772727272727273,0.0,0.0,0.0
4,96,28,6,90,220,0.8454545454545455,0.9375,0.7627118644067796,0.8411214953271028
